{"cameraMode":{"drawMode":0,"name":"Shaded","section":"Shading Mode"},"sceneLighting":true,"audioPlay":false,"sceneViewState":{"showFog":true,"showMaterialUpdate":false,"showSkybox":true,"showFlares":true,"showImageEffects":true,"showParticleSystems":true},"in2DMode":false,"pivot":{"x":-17.88198471069336,"y":9.448299407958985,"z":8.84227180480957},"rotation":{"x":0.060273393988609317,"y":0.011970474384725094,"z":-0.0008405505795963109,"w":0.9982215166091919},"size":22.891088485717775,"orthographic":false}