{"cameraMode":{"drawMode":0,"name":"Shaded","section":"Shading Mode"},"sceneLighting":true,"audioPlay":false,"sceneViewState":{"showFog":true,"showMaterialUpdate":false,"showSkybox":true,"showFlares":true,"showImageEffects":true,"showParticleSystems":true},"in2DMode":false,"pivot":{"x":-8.082069396972657,"y":5.917945861816406,"z":-20.592235565185548},"rotation":{"x":-0.008665589615702629,"y":0.0749225914478302,"z":0.0006511684623546898,"w":0.9971535801887512},"size":6.928771018981934,"orthographic":false}