{"cameraMode":{"drawMode":0,"name":"Shaded","section":"Shading Mode"},"sceneLighting":false,"audioPlay":false,"sceneViewState":{"showFog":true,"showMaterialUpdate":false,"showSkybox":false,"showFlares":true,"showImageEffects":true,"showParticleSystems":true},"in2DMode":false,"pivot":{"x":0.38670045137405398,"y":-0.5405243039131165,"z":-0.01180201768875122},"rotation":{"x":0.15432208776474,"y":0.13000909984111787,"z":-0.02049211598932743,"w":0.979229748249054},"size":7.45742654800415,"orthographic":false}