{"cameraMode":{"drawMode":0,"name":"Shaded","section":"Shading Mode"},"sceneLighting":false,"audioPlay":false,"sceneViewState":{"showFog":true,"showMaterialUpdate":false,"showSkybox":false,"showFlares":true,"showImageEffects":true,"showParticleSystems":true},"in2DMode":false,"pivot":{"x":0.38670045137405398,"y":-0.5405243039131165,"z":-0.01180201768875122},"rotation":{"x":0.0017551411874592305,"y":0.24497844278812409,"z":-0.0004424625658430159,"w":0.969541072845459},"size":3.0265769958496095,"orthographic":false}